artist_name,track_name,spotify_track_id,added_at_utc,week_saturday_utc,is_week_favorite
Luísa Sobral,Maria Do Mar,4EHq0Bw33iEPf9lqmzVQAh,2021-01-02 17:23:12,2021-01-02 00:00:00,1
Run The Jewels,Call Ticketron,6M3RWxZ2aRapomSbsy5Zvl,2021-01-09 19:58:04,2021-01-09 00:00:00,1
half•alive,RUNAWAY - w/ Orchestra,5ClQJdS0GnURmm8xZpG4OD,2021-01-16 16:08:49,2021-01-16 00:00:00,1
The Comet Is Coming,Imminent,6W5E0LVTGh3RXipYFCqDNh,2021-01-23 10:33:32,2021-01-23 00:00:00,1
L'Impératrice,Sonate Pacifique,49PyCCLOdJi0jHkGyyY2vv,2021-01-30 12:27:38,2021-01-30 00:00:00,1
Erykah Badu,In Love With You,79UjqYt9MCLlBpzAvaKVJj,2021-02-06 19:27:35,2021-02-06 00:00:00,1
VIC MENSA,"SHELTER ft Wyclef Jean, ft Chance The Rapper",2nKaHCeL3e5DNl3P7eZ5uo,2021-02-13 16:42:42,2021-02-13 00:00:00,1
Monster Florence,Deck Of Cards,4a125pjLKu34ZtpRn0h2Cs,2021-02-20 16:58:41,2021-02-20 00:00:00,1
Charles Bradley,The World (Is Going Up in Flames),7a5xvCgoD8qFEQmO8Jjvtf,2021-02-27 17:59:18,2021-02-27 00:00:00,1
Bruno Mars,Leave The Door Open,7MAibcTli4IisCtbHKrGMh,2021-03-06 11:57:35,2021-03-06 00:00:00,1
CHIKA,U Should,6L1yA61015sIz9Vd02gGHZ,2021-03-13 23:32:31,2021-03-13 00:00:00,1
Fleet Foxes,Helplessness Blues,1b8Zlu3aMVxEbyeospYPrK,2021-03-20 16:15:39,2021-03-20 00:00:00,1
Lianne La Havas,Bittersweet - Radio Edit,7CNtRYYyhNJKXFr2bQ5rv2,2021-03-27 22:08:40,2021-03-27 00:00:00,1
L'Impératrice,Hématome,1F2JdXzAJRfCYNhIelTuVU,2021-04-03 19:27:57,2021-04-03 00:00:00,1
Freddie Gibbs,Pronto,3z7O4xSTDTZNI5HvcuzLPs,2021-04-10 12:41:50,2021-04-10 00:00:00,1
A Tribe Called Quest,Bonita Applebum,7t83uuT0cZpQ7M6q9ymtv8,2021-04-17 11:16:04,2021-04-17 00:00:00,1
Fiona Apple,Love More,6wleKOJoHGaOPtJJWvJes6,2021-04-24 16:20:19,2021-04-24 00:00:00,1
CHIKA,SONGS ABOUT YOU,2Fxly6AusNFtTf8ZBaVWnh,2021-05-01 12:13:17,2021-05-01 00:00:00,1
Funkadelic,Maggot Brain,3utrFnKNa1QSmUIm8QxHEC,2021-05-08 21:56:44,2021-05-08 00:00:00,1
Genesis Owusu,The Other Black Dog,16tXUfGm2mJHaZAsInBDr7,2021-05-15 13:04:12,2021-05-15 00:00:00,1
Guru,Loungin',1VzhfMEGIIkn5hFITMJzW1,2021-05-22 11:47:17,2021-05-22 00:00:00,1
Bruno Pernadas,Family Vows,7mcPmdy1XIJoQvD30saXPt,2021-05-29 19:04:15,2021-05-29 00:00:00,1
Noname,Ace,06fNR3xo4ksfvM4UTeEoZJ,2021-06-05 11:22:12,2021-06-05 00:00:00,1
Sufjan Stevens,Vesuvius,0CbTZTXrJ5FOWEADxEh8Qk,2021-06-12 11:35:36,2021-06-12 00:00:00,1
Guru,Plenty,6zSe7ZKNjb6Zl5AP78y5QN,2021-06-19 10:17:25,2021-06-19 00:00:00,1
Nujabes,The Final View,3MZHDutJalh9C4DNLptn2v,2021-06-26 13:21:55,2021-06-26 00:00:00,1
Kanye West,So Appalled,6K07Ahf6V7CAQn0ikrOztl,2021-07-03 15:59:07,2021-07-03 00:00:00,1
David Bruno,Alfa Romeu & Julieta,2pJOShNU9w4qUc2Q4LKIcH,2021-07-10 11:42:19,2021-07-10 00:00:00,1
Freddie Gibbs,Shitsville,6xwkCL4h1pYXqlUu68RAI6,2021-07-17 21:04:00,2021-07-17 00:00:00,1
Tash Sultana,Greed,3tAOplaww87D0vglxZKb85,2021-07-24 12:41:04,2021-07-24 00:00:00,1
Bruno Mars,Skate,2sXf2JdbB2GlNju00kw9WE,2021-07-31 18:16:41,2021-07-31 00:00:00,1
A Tribe Called Quest,Enough!!,1WvGWCDuj0dfRpuBuYecXp,2021-08-07 14:39:48,2021-08-07 00:00:00,1
Lianne La Havas,Weird Fishes,5ygk8Hkp4WCCk7GXWEUP9V,2021-08-14 14:16:36,2021-08-14 00:00:00,1
Sufjan Stevens,Reach Out,5hVKXeJg1R9qGbrGW5eHNl,2021-08-21 19:01:36,2021-08-21 00:00:00,1
LUMP,Animal,7fBG5ZIgOm6a3CSO2l9fgp,2021-08-28 12:50:33,2021-08-28 00:00:00,1
Kanye West,Off The Grid,2gbMPBrBVj3CuNTLp2dHYs,2021-09-04 15:05:15,2021-09-04 00:00:00,1
Little Simz,Point and Kill,3kczhPFdkUR44SHLUvbKFE,2021-09-11 13:26:57,2021-09-11 00:00:00,1
Sufjan Stevens,"For the Widows in Paradise, For the Fatherless in Ypsilanti",1dkHo0hS9KnzlsRSbIjZzi,2021-09-18 13:40:43,2021-09-18 00:00:00,1
Sufjan Stevens,Back To Oz,6s0F09N7jp4wSqN8vVgMQR,2021-09-25 13:00:35,2021-09-25 00:00:00,1
Sevdaliza,Lamp Lady,6AAAbAdmZYVCIGDk3gCqmK,2021-10-02 14:08:16,2021-10-02 00:00:00,1
Flying Lotus,Black Balloons Reprise,2csZLnXBMuw6ETZuRxdUZF,2021-10-09 14:01:20,2021-10-09 00:00:00,1
Magdalena Bay,The Beginning,5xoMRan7YOKvYL6vueYugk,2021-10-16 13:26:39,2021-10-16 00:00:00,1
Injury Reserve,Superman That,2gLco6poLosipqughuI7Rt,2021-10-23 14:08:59,2021-10-23 00:00:00,1
Sufjan Stevens,Fourth of July - Live,0eEGrmrhtkJsxxsyqoX9n3,2021-10-30 12:09:50,2021-10-30 00:00:00,1
JPEGMAFIA,TRUST!,1iRC0WHs9uhAi0EYeJJB3L,2021-11-06 17:59:31,2021-11-06 00:00:00,1
Sufjan Stevens,All Delighted People (Original Version),50QVLS30ELqeJOphx4pWv7,2021-11-13 17:44:28,2021-11-13 00:00:00,1
Bruno Mars,After Last Night (with Thundercat & Bootsy Collins),0crw01bqnefvDUDjsuKraD,2021-11-20 18:20:34,2021-11-20 00:00:00,1
Radiohead,All I Need,5Qv2Nby1xTr9pQyjkrc94J,2021-11-27 15:39:25,2021-11-27 00:00:00,1
Sufjan Stevens,"John Wayne Gacy, Jr.",2R3g9k14OAcUzZYwo90Tx6,2021-12-04 13:56:29,2021-12-04 00:00:00,1
Lianne La Havas,Say a Little Prayer - Live,1ZczOoLuCyDO5dKUPndxf5,2021-12-11 16:24:49,2021-12-11 00:00:00,1
Radiohead,Nude,35YyxFpE0ZTOoqFx5bADW8,2021-12-18 18:20:59,2021-12-18 00:00:00,1
JPEGMAFIA,1539 N. Calvert,6XyxCBp6x3jvtxXvMN5sAA,2021-12-25 16:11:37,2021-12-25 00:00:00,1
JPEGMAFIA,Thug Tears - A COLORS SHOW,67Trr3FcLI5M8zvVdMyVJi,2022-01-01 01:33:34,2022-01-01 00:00:00,1
Helicopter Girl,Umbrellas In the Rain,351NuUEROdGwFo8RMPOfcc,2022-01-08 12:03:53,2022-01-08 00:00:00,1
Jessie Ware,Ooh La La,55pv69Q4Iwbf2zvrRhE0A2,2022-01-15 13:53:54,2022-01-15 00:00:00,1
Cibo Matto,Moonchild,4XalmoFLB7dtAEVomgCL0X,2022-01-22 13:44:02,2022-01-22 00:00:00,1
Denzel Curry,Walkin,646sbFnyVg1trhqqxqFUJg,2022-01-29 10:32:41,2022-01-29 00:00:00,1
"Black Country, New Road",Chaos Space Marine,2UEH1NjNHGsoEIr3GKLhNR,2022-02-05 13:54:23,2022-02-05 00:00:00,1
"Black Country, New Road",Basketball Shoes,4ShVovnLIlObG43vwaCRkJ,2022-02-12 12:03:35,2022-02-12 00:00:00,1
Beach House,Superstar,44obpoVitShBIkr4e9N5W8,2022-02-19 14:05:22,2022-02-19 00:00:00,1
"Black Country, New Road",Concorde,0y5akbuW5mCnnUe71xATpe,2022-02-26 14:46:08,2022-02-26 00:00:00,1
JPEGMAFIA,HAZARD DUTY PAY!,2EMWP3NJeivpl0Seic7Oqz,2022-03-05 12:03:27,2022-03-05 00:00:00,1
King Gizzard & The Lizard Wizard,The Dripping Tap,3RJxtF4WDoxofuATWOI89r,2022-03-12 17:36:07,2022-03-12 00:00:00,1
Björk,Undo,0lhuD47gUUYuBNnYCrVGh9,2022-03-19 15:00:37,2022-03-19 00:00:00,1
Prince,Purple Rain,54X78diSLoUDI3joC2bjMz,2022-03-26 15:12:31,2022-03-26 00:00:00,1
David Bruno,Regula-me o termostato,1fCs8T0aDmmiq5tunSDdRB,2022-04-02 17:34:47,2022-04-02 00:00:00,1
Chris Stapleton,Cold,24nhOvYX2gk3txBbMzXeUB,2022-04-09 09:51:20,2022-04-09 00:00:00,1
Antony and the Johnsons,Man Is The Baby,7rDRmQygNfcpSwGqdOLMSK,2022-04-16 13:04:49,2022-04-16 00:00:00,1
"Black Country, New Road",Sunglasses,1sT5Wh3SVv6nhs7lgPEnkl,2022-04-23 14:36:42,2022-04-23 00:00:00,1
Pusha T,Dreamin Of The Past (feat. Kanye West),3Wx98ijEDnsxyMYePCuFNI,2022-05-02 16:15:54,2022-04-30 00:00:00,1
Grupo de Fados Coimbra _ Toada Coimbrã,Balada Da Despedida Do 5º Ano Jurídico 88/89,2cPaTVGnIGe3HYCAsOGnl1,2022-05-09 14:19:43,2022-05-07 00:00:00,1
Little Simz,Miss Understood,0OBqXKn0sI9UNMdEXPJKPG,2022-05-14 10:32:55,2022-05-14 00:00:00,1
Ethel Cain,Family Tree,5B4oL0Dn3dlaAdovV8ZUTE,2022-05-21 22:07:49,2022-05-21 00:00:00,1
Perfume Genius,Sides,6ZNJRZiN2qUQmyQVcaxvUI,2022-05-28 10:56:59,2022-05-28 00:00:00,1
Kate Bush,Running Up That Hill (A Deal With God),75FEaRjZTKLhTrFGsfMUXR,2022-06-04 11:31:42,2022-06-04 00:00:00,1
Joji,Glimpse of Us,6xGruZOHLs39ZbVccQTuPZ,2022-06-11 11:00:33,2022-06-11 00:00:00,1
Joy Crookes,Trouble,3JqthBGrJH1BeV76QAq9BD,2022-06-18 19:03:48,2022-06-18 00:00:00,1
The Avalanches,We Will Always Love You,51wxtCuipwjvvT99wsSmCc,2022-06-25 14:38:41,2022-06-25 00:00:00,1
The Avalanches,Music Makes Me High,4o8ssGZ37z8S93zHTNfDlD,2022-07-02 21:09:12,2022-07-02 00:00:00,1
Sufjan Stevens,Impossible Soul,36KKQqcDQTk4Op0usyqrMS,2022-07-09 17:14:41,2022-07-09 00:00:00,1
Bo Burnham,Comedy,50MhgV5PrQmCSuEELaYp9R,2022-07-16 14:31:39,2022-07-16 00:00:00,1
Bo Burnham,Goodbye,2ySaltE2swk0QsimILPK05,2022-07-23 15:51:19,2022-07-23 00:00:00,1
The Comet Is Coming,CODE,0ykQscPscfZzjQkRqRettF,2022-07-30 20:52:49,2022-07-30 00:00:00,1
Big Thief,Change,3HFBqhotJeEKHJzMEW31jZ,2022-08-06 17:39:51,2022-08-06 00:00:00,1
Beach House,Chariot,12kZPPg7Ve9Br7mEtmVY1h,2022-08-13 11:29:48,2022-08-13 00:00:00,1
L'Impératrice,Off to the Side,4h9HP7OvITCE1vapKTSkck,2022-08-20 16:12:46,2022-08-20 00:00:00,1
Manel Cruz,Ainda Não Acabei,0bxEOwGxW1CA0pvau1ekhx,2022-08-27 12:36:56,2022-08-27 00:00:00,1
Fleet Foxes,Maestranza - Solstice Version,33KCxCkAdw7Cy35KkZig46,2022-09-03 16:54:20,2022-09-03 00:00:00,1
JPEGMAFIA,BALD!,0sBY9cwM2ubXSiEu5mQGQn,2022-09-11 12:31:46,2022-09-10 00:00:00,1
Big Red Machine,Phoenix,4Vs2i8GdP5s7vd8vfSRcDk,2022-09-17 21:41:50,2022-09-17 00:00:00,1
Fleet Foxes,Shore,6bdy17W52RbHgDGqWAnvCt,2022-09-25 12:09:11,2022-09-24 00:00:00,1
Turnstile,UNDERWATER BOI,4pV11quzVm52tULYj6ITD2,2022-10-01 10:23:00,2022-10-01 00:00:00,1
Denzel Curry,Troubles - Cold Blooded Soul Version,2bwB8ZmkfOVKIF67cjEu0a,2022-10-08 11:15:33,2022-10-08 00:00:00,1
Tim Bernardes,Só Nós Dois,3yiXy2ydZP9ZpsYxvUI6sO,2022-10-15 13:07:20,2022-10-15 00:00:00,1
Talk Talk,After The Flood,3brJgq1ZCpwsczQr4m2DG5,2022-10-22 13:01:28,2022-10-22 00:00:00,1
King Gizzard & The Lizard Wizard,Change,21NZOJOaFxeYEcKQbgDgtW,2022-10-29 12:29:53,2022-10-29 00:00:00,1
Portishead,Mysterons - Live,4WtmECNXQ6ljgndsR8vKqU,2022-11-05 15:30:20,2022-11-05 00:00:00,1
Natalia Lafourcade,Pajarito colibrí,3Kyaxx0AhnwJSQOUMBGrlz,2022-11-12 20:06:26,2022-11-12 00:00:00,1
Bon Iver,"Hey, Ma",0RstfX9nRY1Lfuy1808MoT,2022-11-19 14:36:02,2022-11-19 00:00:00,1
Talk Talk,Today - 1997 Remaster,2HC6DOJvppo0Dn3KFl084N,2022-11-26 13:29:50,2022-11-26 00:00:00,1
King Gizzard & The Lizard Wizard,Iron Lung,2GfQhXyoUXYTkMHDXJhCU5,2022-12-03 12:42:42,2022-12-03 00:00:00,1
Adrianne Lenker,Indiana,0YHjE6F3CMb1DuZALlCJeU,2022-12-11 01:57:24,2022-12-10 00:00:00,1
Little Simz,Gorilla,0pJO1tc1GpnxFyQp6Zp82r,2022-12-17 15:34:13,2022-12-17 00:00:00,1
Big Thief,Not,7lrhugjSbiImrNSLIFIq0c,2022-12-24 17:43:32,2022-12-24 00:00:00,1
Natalia Lafourcade,Nunca Es Suficiente,4j4MtOK7RSOVPi1LKwb9Zu,2022-12-31 14:52:48,2022-12-31 00:00:00,1
Herbie Hancock,Watermelon Man,2zQl59dZMzwhrmeSBEgiXY,2023-01-07 14:33:32,2023-01-07 00:00:00,1
Ichiko Aoba,tsuyoku naru,5GcT3jOBk8IXpWQnG7DGNl,2023-01-14 12:20:00,2023-01-14 00:00:00,1
Natalia Lafourcade,Tú Sí Sabes Quererme (feat. Los Macorinos),6p3yxt0uJJshAS3CT0znQg,2023-01-21 21:09:16,2023-01-21 00:00:00,1
Bruno Pernadas,Valley in the Ocean,5E6AoOwwAIbVqx9J6i7ccj,2023-01-28 15:13:38,2023-01-28 00:00:00,1
black midi,Sugar/Tzu,0DkazfLyVRaMvSkwycyyfT,2023-02-04 16:08:29,2023-02-04 00:00:00,1
Jessie Ware,Pearls,6PUo33nojdU5hWhMR0zRuf,2023-02-11 15:34:27,2023-02-11 00:00:00,1
Kenny Beats,Still,2rbSlNYTYboHHWelF0xSAQ,2023-02-18 16:05:18,2023-02-18 00:00:00,1
Linda Martini,Dá-me A Tua Melhor Faca,79KQupJRIEIawSSoMFM45u,2023-02-25 12:19:00,2023-02-25 00:00:00,1
Talk Talk,It's My Life - 1997 Remaster,4jhsuQCUCJKA5f0bXb6XdJ,2023-03-04 12:30:30,2023-03-04 00:00:00,1
Built To Spill,Temporarily Blind,5Q4hsDbyZq7t8Yktlmdjap,2023-03-11 14:05:18,2023-03-11 00:00:00,1
Souls Of Mischief,93 'Til Infinity,0PV1TFUMTBrDETzW6KQulB,2023-03-18 16:51:40,2023-03-18 00:00:00,1
JPEGMAFIA,SCARING THE HOES,1waqS2zPI3Z1zTvJOa2hVC,2023-03-25 13:44:59,2023-03-25 00:00:00,1
"Black Country, New Road",Up Song - Live at Bush Hall,3b6suhvxtWPIF0tZe5xDCL,2023-04-01 09:25:33,2023-04-01 00:00:00,1
redveil,black enuff,0L9p0fF3HdxKEvKLaNBM4w,2023-04-08 11:53:32,2023-04-08 00:00:00,1
Adrianne Lenker,Kerina,57qpL2xmsydc04uBmiH2DC,2023-04-15 22:28:16,2023-04-15 00:00:00,1
Alex Cameron,Candy May,6akLn4Ruh89aJOKv9YiP4j,2023-04-22 12:47:21,2023-04-22 00:00:00,1
Adrianne Lenker,anything,4PwWESSlTwzvw9B7bmtTLS,2023-04-28 23:29:08,2023-04-29 00:00:00,1
Big Thief,Spud Infinity,3Q6VfeIZ1bTjWiNe2Or4LQ,2023-05-06 13:15:34,2023-05-06 00:00:00,1
David Bruno,Amor Pago,0KJHWazAIo05XKIbr1tQGm,2023-05-13 16:32:28,2023-05-13 00:00:00,1
Alvvays,Not My Baby,7BLsRo8YBuFADJCLLOeq2F,2023-05-20 01:02:25,2023-05-20 00:00:00,1
NxWorries,Daydreaming,6qqq5zPYV7U4UsKnGC82tw,2023-05-27 10:38:06,2023-05-27 00:00:00,1
Silvana Estrada,Sabré Olvidar,2Z0QAXmvpo5YZ2H7xbGhw1,2023-06-03 10:06:25,2023-06-03 00:00:00,1
Kanye West,Runaway,50HCj9kEXIonBwRLXFWCr8,2023-06-10 19:24:08,2023-06-10 00:00:00,1
Rapaz Ego,Crime em Tânger,1xarmUsNCXQUgWMAyQg3QK,2023-06-17 14:47:28,2023-06-17 00:00:00,1
David Bruno,Interveniente Acidental,6Nsm8QuF3aK7KzwVqfJEUg,2023-06-24 13:59:54,2023-06-24 00:00:00,1
Silvana Estrada,Se Me Ocurre,2D153hv0xak4aPbNqNBq89,2023-07-01 10:33:25,2023-07-01 00:00:00,1
Melvins,A History of Bad Men,5uJfIzqUdLij98R0Oak9FC,2023-07-08 22:28:25,2023-07-08 00:00:00,1
"Black Country, New Road",Turbines/Pigs - Live at Bush Hall,626DiLKaEAoQfJ7YLdjcaF,2023-07-15 17:21:53,2023-07-15 00:00:00,1
Silvana Estrada,Clandestina,1LGmNI4jVJrX3clG0nwjdM,2023-07-22 10:53:37,2023-07-22 00:00:00,1
bootleg gizzard,Magenta Mountain (Live at Red Rocks '22),5jk7LrlXO8bpCgAdZTz8Ky,2023-07-29 11:05:40,2023-07-29 00:00:00,1
By Storm,Double Trio,2BPfpIAHA1GpqkLR9sQPMD,2023-08-05 11:52:39,2023-08-05 00:00:00,1
Explosions In The Sky,The Birth and Death of the Day,5yYvVixfmnL5BrcJVsscrT,2023-08-14 20:15:58,2023-08-12 00:00:00,1
Squid,Narrator,0P6GPDe3093RggSntHqQcR,2023-08-19 17:58:56,2023-08-19 00:00:00,1
Explosions In The Sky,First Breath After Coma,6NJRQeKsUeXBwhRt7J3hRu,2023-08-26 12:34:38,2023-08-26 00:00:00,1
Björk,Isobel,1qyD5xpCI53VtITnxwB5Xn,2023-09-02 13:47:32,2023-09-02 00:00:00,1
Salvador Sobral,de la mano de tu voz (feat. Silvana Estrada),4dx2lR5lcBbXct6N66W57Z,2023-09-09 11:16:29,2023-09-09 00:00:00,1
Sigur Rós,Untitled #7 - Dauðalagið,03IQMevyxkOz822LcxbSPN,2023-09-16 19:10:47,2023-09-16 00:00:00,1
The National,Laugh Track (feat. Phoebe Bridgers),7aprF5ADDukD1JWHXG9h9z,2023-09-23 12:58:14,2023-09-23 00:00:00,1
underscores,Locals (Girls like us) [with gabby start],0MK6lVnmhVulpP62vkZBWV,2023-09-30 12:09:04,2023-09-30 00:00:00,1
Salvador Sobral,porque canto,3O0sa16T92wBJxzIZAnlkR,2023-10-07 11:43:49,2023-10-07 00:00:00,1
Sufjan Stevens,Goodbye Evergreen,2GEs9D56FRHqUAEwvlvBpw,2023-10-14 10:56:08,2023-10-14 00:00:00,1
David Bowie,Five Years - 2012 Remaster,1JIzFhI9Lt5FyslawmHCBi,2023-10-21 08:38:04,2023-10-21 00:00:00,1
Ana Frango Elétrico,Electric Fish,2i90BhQ6Mfvrd8yHRTHyZx,2023-10-28 07:39:26,2023-10-28 00:00:00,1
Weyes Blood,God Turn Me Into a Flower,5gJw9DpcnYywIIVGYSb4Y5,2023-11-04 10:53:27,2023-11-04 00:00:00,1
Benjamim,Os Raros,4jmwZKpXRb96Fc3NEiYSrc,2023-11-11 19:51:52,2023-11-11 00:00:00,1
Genesis Owusu,Don't Need You,3ejCkJFZyDaQ72If1uwral,2023-11-18 07:55:35,2023-11-18 00:00:00,1
Björk,Oral,3re91K41XNVsViNbCPumTw,2023-11-25 12:13:31,2023-11-25 00:00:00,1
The Roches,Hammond Song,3cPtZw0oqMEkKlGSF0SLkc,2023-12-02 14:54:04,2023-12-02 00:00:00,1
billy woods,All Jokes Aside,1f5JEyEWJ7Vj9glgI7Krdd,2023-12-09 16:40:48,2023-12-09 00:00:00,1
Moor Mother,The Blues Remembers Everything the Country Forgot,6Ft2Uk7Y8GELALXtrcwl6G,2023-12-16 13:11:53,2023-12-16 00:00:00,1
King Gizzard & The Lizard Wizard,Hell,4yY6cxTeAOpru6UT9KLznk,2023-12-23 13:30:59,2023-12-23 00:00:00,1
ANOHNI,Sliver of Ice,3Jbgr9lr2j3K22dZh9VYcx,2023-12-30 12:48:55,2023-12-30 00:00:00,1
Bruno Pernadas,Ahhhhh,6MuBu77oRvjqViktfnwtBf,2024-01-06 15:17:17,2024-01-06 00:00:00,1
King Gizzard & The Lizard Wizard,Mycelium,5BkO8Wp1ssLb60S7cF35KX,2024-01-13 12:57:14,2024-01-13 00:00:00,1
Adrianne Lenker,Sadness As A Gift,6oBIzNjrQ7ibErxk1ZbdfA,2024-01-20 12:44:02,2024-01-20 00:00:00,1
Fiona Apple,Relay,5hnOzmFuGltDDAm008jFDh,2024-01-27 14:40:04,2024-01-27 00:00:00,1
Tim Bernardes,Realmente Lindo,6jDIaI88j4tbwNR98ehxic,2024-02-03 13:09:27,2024-02-03 00:00:00,1
The Last Dinner Party,Beautiful Boy,4YGpUNc3cScpjliOZojJ89,2024-02-10 15:24:54,2024-02-10 00:00:00,1
Brittany Howard,Power To Undo,37u7C5ru19nuE4VWvYpL0B,2024-02-17 12:56:01,2024-02-17 00:00:00,1
DANGERDOOM,Sofa King - Danger Mouse Remix,2SKXt7F3D4B1l2e2UVBmLD,2024-02-24 13:13:46,2024-02-24 00:00:00,1
IDLES,Colossus,4dT9ieu9LwGqst9CT29TCm,2024-03-01 20:05:48,2024-03-02 00:00:00,1
Ichiko Aoba,amuletum,1AYVWa4lo91cbbJuRAcH7w,2024-03-09 15:36:30,2024-03-09 00:00:00,1
Slow J,Tata,0fPOFtS7ZylYKcC9b64cSj,2024-03-16 14:28:01,2024-03-16 00:00:00,1
Adrianne Lenker,Vampire Empire,2DSxUFEL5v1YT8CwYzhWyf,2024-03-23 14:49:44,2024-03-23 00:00:00,1
Lana Del Rey,A&W,5nW4z3pfZgJAJ2QTCz9AIE,2024-03-30 12:52:57,2024-03-30 00:00:00,1
Ugly (UK),The Wheel,7qC4rKii8w8tkfjDk46TCA,2024-04-06 11:16:42,2024-04-06 00:00:00,1
Magalí Sare,SEMPRE VENS ASSIM,7g8ejZWjYLx1el2ntM1JBj,2024-04-13 08:20:42,2024-04-13 00:00:00,1
Luísa Sobral,Só Um Beijo,1oeNCfrMm1nweKvYNYX0fi,2024-04-20 09:14:34,2024-04-20 00:00:00,1
ELEOPEDRO,FANTASIA,0er6mS3qpozSFsqvII1QcE,2024-04-27 11:47:10,2024-04-27 00:00:00,1
Maruja,The Invisible Man,7pH6bQniZQu0ZXJrzrvANp,2024-05-04 08:55:45,2024-05-04 00:00:00,1
Kendrick Lamar,meet the grahams,4S8PxReB1UiDR2F5x1lyIR,2024-05-11 11:25:11,2024-05-11 00:00:00,1
Beth Gibbons,Beyond The Sun,4uQCZmbXols09fXWhf3RMX,2024-05-18 12:05:04,2024-05-18 00:00:00,1
King Gizzard & The Lizard Wizard,Motor Spirit,4HAkFNSjf5edeuY839m1RD,2024-05-25 22:05:45,2024-05-25 00:00:00,1
Steve Lacy,N Side,12ILYlOEfWL8ei0BEgFJn0,2024-06-01 12:32:45,2024-06-01 00:00:00,1
billy woods,Soft Landing,0TFzKqmZl7HjklWP0KWqXt,2024-06-08 22:03:19,2024-06-08 00:00:00,1
Charli xcx,360,4w2GLmK2wnioVnb5CPQeex,2024-06-15 15:17:48,2024-06-15 00:00:00,1
David Bruno,SUPERXXXTILO,0dQ1vhTX4SO5ZMrfhgT3jw,2024-06-22 12:11:59,2024-06-22 00:00:00,1
Todd Terje,Strandbar,2j0dO7PzxiZxa5RDUl5IuV,2024-06-29 10:48:31,2024-06-29 00:00:00,1
Lianne La Havas,Green & Gold,4HCcvFdHfwR2u3WPPPVRv6,2024-07-06 10:56:13,2024-07-06 00:00:00,1
Air,La femme d'argent,3ZzhV6JIDKWvWR7wiKWD0C,2024-07-13 11:24:17,2024-07-13 00:00:00,1
Lianne La Havas,Tease Me,2HrlC7nM9w05oMLJAkeYuH,2024-07-20 10:46:46,2024-07-20 00:00:00,1
José Pinhal,Porém Não Posso,6oeL6tBvIKCr4B2ovt2xeO,2024-07-27 15:45:20,2024-07-27 00:00:00,1
Porter Robinson,Cheerleader,5iyuwVaMliMdloOzSBxohv,2024-08-03 13:56:55,2024-08-03 00:00:00,1
Valter Lobo,Guarda-me Esta Noite,1ST4XYajQ8RVuozkQ4M4LP,2024-08-10 22:15:46,2024-08-10 00:00:00,1
Valter Lobo,Quem Me Dera,4m1KsLnr0vI8nntJnsrXTI,2024-08-18 14:07:42,2024-08-17 00:00:00,1
Geordie Greep,"Holy, Holy",4Nk10X45JIH1xrIWOCbA3I,2024-08-24 12:05:51,2024-08-24 00:00:00,1
Magdalena Bay,Image,0QW0KPBXXv67haGjbtkRRB,2024-08-31 11:54:24,2024-08-31 00:00:00,1
Nick Cave & The Bad Seeds,Wild God,1dkZqdTUVdLaPKAO62TT0g,2024-09-07 11:20:18,2024-09-07 00:00:00,1
The Avalanches,Frontier Psychiatrist,4WVUtbd7CL38fVdIQVN3fk,2024-09-14 11:32:58,2024-09-14 00:00:00,1
Nilüfer Yanya,Ready for Sun (touch),01o8kNv5IuCozkDg7ivmbT,2024-09-21 12:41:42,2024-09-21 00:00:00,1
Blu,Love Is Blu,1QmFDNIDxN9hhWXRfYndmr,2024-09-28 15:54:36,2024-09-28 00:00:00,1
Magdalena Bay,The Ballad of Matt & Mica,4j9WdbfKvyx7fBQb4qygYr,2024-10-05 12:18:50,2024-10-05 00:00:00,1
Geordie Greep,Terra,70zqspCXLvLHsBh1Pl7Izc,2024-10-12 11:32:15,2024-10-12 00:00:00,1
Terno Rei,Yoko,6OUoBmIdoDK14RoE5nWlCC,2024-10-19 11:47:04,2024-10-19 00:00:00,1
Chappell Roan,Kaleidoscope,4ROYC4vHfPZ28mqz0eLrzL,2024-10-26 12:53:06,2024-10-26 00:00:00,1
"Tyler, The Creator",Like Him (feat. Lola Young),6jbYpRPTEFl1HFKHk1IC0m,2024-11-02 14:34:21,2024-11-02 00:00:00,1
David Bruno,10 em 10,01vYMG7UGCOOk8WV0DmLzr,2024-11-09 13:05:06,2024-11-09 00:00:00,1
Boogarins,Sombra ou Dúvida,58obzAGVweKL0bDAfmMIwv,2024-11-16 13:08:46,2024-11-16 00:00:00,1
O Terno,Melhor do Que Parece,0WaqPCzzUKnuYhNcAyd8lB,2024-11-23 11:37:07,2024-11-23 00:00:00,1
Kendrick Lamar,reincarnated,0RgjEkSbeuStKfT2Pa4Zai,2024-12-01 00:22:46,2024-11-30 00:00:00,1
O Terno,Volta e Meia,5CAztXp7af5FZR9Gbnnwk2,2024-12-07 22:31:11,2024-12-07 00:00:00,1
Milhanas,Algo Mais,38DUG8SHze3qRmZ8ECNUm5,2024-12-14 11:53:29,2024-12-14 00:00:00,1
Squid,Houseplants,5mWlyBpAyIpP1lI1AXjln4,2024-12-21 11:47:39,2024-12-21 00:00:00,1
death's dynamic shroud,Generate Utopia,4c9V0IOxEas5pagbpKbV7n,2024-12-28 13:19:40,2024-12-28 00:00:00,1
Joey Valence & Brae,THE BADDEST,4zop1FQ0ukwsBtXv4zrv5X,2025-01-04 14:33:34,2025-01-04 00:00:00,1
IDLES,Danny Nedelko,0gqsJm7b3KPSpqA2FsVn53,2025-01-11 13:02:33,2025-01-11 00:00:00,1
Sigur Rós,Starálfur,55gISxV37mffOW2DbSskT3,2025-01-18 14:29:25,2025-01-18 00:00:00,1
JPEGMAFIA,either on or off the drugs,3EWaU5exMayFzQMkIfTX7w,2025-01-25 08:27:04,2025-01-25 00:00:00,1
Linda Martini,Cem Metros Sereia,5AJn2bFeAZ0xPlTUIYQw24,2025-02-01 11:38:00,2025-02-01 00:00:00,1
JPEGMAFIA,What the hip hop hell is this ?,0wVcZJpj2B6SM9oqE8T4Mi,2025-02-08 11:54:41,2025-02-08 00:00:00,1
Nubya Garcia,Triumphance,2aF3B3INIApSl1r8YQrxfA,2025-02-15 13:34:15,2025-02-15 00:00:00,1
Ichiko Aoba,月の丘,79TkZmpXpNxLDi1RL0AXhP,2025-02-22 13:02:19,2025-02-22 00:00:00,1
Sigur Rós,Ára bátur,0DvJ3c0crcaUF0VAImO9hu,2025-03-01 15:13:28,2025-03-01 00:00:00,1
Bob Dylan,Blowin' in the Wind,18GiV1BaXzPVYpp9rmOg0E,2025-03-08 18:36:45,2025-03-08 00:00:00,1
Arcane,Ma Meilleure Ennemie (from the series Arcane League of Legends),2LwsunYgfRoqyIsNtgOCQx,2025-03-15 10:53:47,2025-03-15 00:00:00,1
Ichiko Aoba,いきのこり●ぼくら,6ad7bQ48TlqAgebCExUJVe,2025-03-24 07:35:27,2025-03-22 00:00:00,1
Gurriers,Top Of The Bill,4kAnrSFanaSI2zpzRPOy0F,2025-03-29 14:50:19,2025-03-29 00:00:00,1
Quadeca,GODSTAINED,2IbtNIdNlVelpPNaRYEZdJ,2025-04-05 12:07:02,2025-04-05 00:00:00,1
PinkPantheress,Tonight,2s6Jh6GmDhAOsSMII07fVs,2025-04-12 12:21:29,2025-04-12 00:00:00,1
King Gizzard & The Lizard Wizard,Cyboogie,3jOOPhq8g0mjzpMgXnRV2x,2025-04-19 11:04:42,2025-04-19 00:00:00,1
Quadeca,MONDAY,13VNbW9gblZQVVM2a7ZQf5,2025-04-26 13:51:28,2025-04-26 00:00:00,1
Denzel Curry,X-Wing - Cold Blooded Soul Version,2GzUm7Ps1WbaiMiSY7CY0S,2025-05-03 11:57:06,2025-05-03 00:00:00,1
King Gizzard & The Lizard Wizard,Raw Feel,0hwVwvdbBpxff1EBzmHLXz,2025-05-10 11:05:55,2025-05-10 00:00:00,1
CA7RIEL & Paco Amoroso,EL ÚNICO - Live at NPR MUSIC's Tiny Desk,2LsCkjNlLWTk491kI1GRQV,2025-05-17 23:01:00,2025-05-17 00:00:00,1
Salvador Sobral,Mudando os ventos,5oq8Apx4vIkbSYXSmyEAkB,2025-05-24 11:32:13,2025-05-24 00:00:00,1
bootleg gizzard,Hypertension - Live in Lisbon '25,7dRR1WNpAySlGaE4RHv2f8,2025-05-31 12:11:28,2025-05-31 00:00:00,1
ANAVITÓRIA,Lisboa,2o2xhyri4aJUtgMGkf5P0J,2025-06-07 12:28:10,2025-06-07 00:00:00,1
Fontaines D.C.,In The Modern World,3kQmcD1XU29nSMrS7kgsWm,2025-06-14 18:11:10,2025-06-14 00:00:00,1
bootleg gizzard,Iron Lung - Live in Lisbon '25,4IiXEycrhadID9bkjjHkQW,2025-06-21 11:17:28,2025-06-21 00:00:00,1
Miley Cyrus,More to Lose,28RGHzCKNZEAWquYbZl3EI,2025-06-28 15:59:33,2025-06-28 00:00:00,1
Samuel Úria,Lenço Enxuto,2DvETJecilxw6Rt3KIhxnw,2025-07-05 18:11:41,2025-07-05 00:00:00,1
Sigur Rós,Skel,1S0Gk6NgWNTE9tZ43lXmor,2025-07-12 14:35:48,2025-07-12 00:00:00,1
Clipse,Chains & Whips,3znSvEwBq09We4cxxmwlZM,2025-07-19 12:14:08,2025-07-19 00:00:00,1
Zaho de Sagazan,Dis-moi que tu m'aimes,0bXcmXR5cotPsrFdWF1Rs9,2025-07-26 14:25:55,2025-07-26 00:00:00,1
Quadeca,FORGONE,50SUl5f6BMCWSV2JX1TAWh,2025-08-02 09:27:16,2025-08-02 00:00:00,1
Maruja,Look Down On Us,3f37UTtdZE8ogcjVI61Wel,2025-08-09 22:41:42,2025-08-09 00:00:00,1
Zaho de Sagazan,La symphonie des éclairs,4QIH0XYnCLoCl1WZIV08Pn,2025-08-16 12:42:57,2025-08-16 00:00:00,1
Racing Mount Pleasant,Your New Place,2QfA2znZln0n0k2zdo91RZ,2025-08-23 08:43:11,2025-08-23 00:00:00,1
Racing Mount Pleasant,Call It Easy,57s098FVVLAFdDNINJRogc,2025-08-30 12:06:26,2025-08-30 00:00:00,1
Sigur Rós,Fljótavík,6JoAAl9kMpU1ffowg7LrqN,2025-09-06 10:28:55,2025-09-06 00:00:00,1
Maruja,Saoirse,3g0xd9m1MxKRiIC2Xw4998,2025-09-13 10:35:32,2025-09-13 00:00:00,1
Fred again..,places to be,561pBFcFL2Pwb9HPO9tU8J,2025-09-20 10:10:17,2025-09-20 00:00:00,1
Racing Mount Pleasant,Holy Hell,0Cz964b8LrftAEoactDCC9,2025-09-27 10:50:30,2025-09-27 00:00:00,1
Geese,Taxes,5cbDTZG8lBJqVVa2zqROPI,2025-10-04 11:18:42,2025-10-04 00:00:00,1
Candelabro,Liebre,26kfheN3SyAwXajPXUXU09,2025-10-11 11:15:29,2025-10-11 00:00:00,1
Silvana Estrada,Como Un Pájaro,42OqawcAj14gAsiDmCgfCj,2025-10-18 10:45:21,2025-10-18 00:00:00,1
The Last Dinner Party,Rifle,5soelceHlRGVKDrybGJo1U,2025-10-25 18:38:42,2025-10-25 00:00:00,1
ROSALÍA,Berghain,6V4ntlX6608rd3Ec5SpVhj,2025-11-01 12:22:19,2025-11-01 00:00:00,1
Mon Laferte,Otra Noche de Llorar,4oP6sZWbkC3fJghTsyOgkZ,2025-11-08 13:24:47,2025-11-08 00:00:00,1
